1,htallyn0@japanpost.jp,siban0,€36.86,Blazer,Oncorhynchus nerka,Passagem,https://robohash.org/ametasperioresqui.png?size=50x50&set=set1
2,kambroix1@mit.edu,schrystal1,€36.18,CC,Acinynox jubatus,Kobuleti,https://robohash.org/laborumdelenitiexercitationem.png?size=50x50&set=set1
3,aferrieroi2@ihg.com,ttoke2,€24.58,X-90,Theropithecus gelada,Quixadá,https://robohash.org/fugafaceredolorem.png?size=50x50&set=set1
4,dodeoran3@paypal.com,dstafford3,€17.76,GLK-Class,Delphinus delphis,Apače,https://robohash.org/sitconsequaturdolor.png?size=50x50&set=set1
5,gstanyon4@economist.com,sslinn4,€12.25,Club Wagon,Porphyrio porphyrio,Biryulëvo,https://robohash.org/nisinonlabore.png?size=50x50&set=set1
6,kbeneteau5@slashdot.org,kgeorgins5,€10.71,Elantra,Marmota monax,Kimito,https://robohash.org/ducimusillout.png?size=50x50&set=set1
7,mgillibrand6@howstuffworks.com,elashmar6,€44.05,Tracker,Geochelone elegans,Lleida,https://robohash.org/etquamodit.png?size=50x50&set=set1
8,vlicence7@theguardian.com,hmattusevich7,€26.84,Legacy,Ephippiorhynchus mycteria,Meipu,https://robohash.org/idvelitsunt.png?size=50x50&set=set1
9,hshepheard8@earthlink.net,apankettman8,€13.87,Baja,Dicrostonyx groenlandicus,Bondy,https://robohash.org/doloremqueteneturexercitationem.png?size=50x50&set=set1
10,pjerche9@dmoz.org,hfeatherbie9,€10.33,F-Series,Castor canadensis,Xiajiashan,https://robohash.org/fugiatvelitvoluptas.png?size=50x50&set=set1
11,mbrasteada@domainmarket.com,dcosbya,€34.92,LS,Colaptes campestroides,Itupiranga,https://robohash.org/praesentiumvoluptatemvel.png?size=50x50&set=set1
12,dcraigb@creativecommons.org,wlackneyb,€31.45,Prius,Merops sp.,Kamigyō-ku,https://robohash.org/rationeautrecusandae.png?size=50x50&set=set1
13,ooffordc@shutterfly.com,fmarneyc,€24.07,Miata MX-5,Isoodon obesulus,Paidha,https://robohash.org/temporequiquia.png?size=50x50&set=set1
14,mellisd@redcross.org,cgarletted,€40.56,A4,Acrantophis madagascariensis,Capalonga,https://robohash.org/exoditatque.png?size=50x50&set=set1
15,pbouttone@imgur.com,hsowreye,€27.34,Freestar,Francolinus swainsonii,Zduńska Wola,https://robohash.org/minusaccusantiumperspiciatis.png?size=50x50&set=set1
16,dfaulderf@uol.com.br,lpeakerf,€11.82,Avenger,Conolophus subcristatus,Canha,https://robohash.org/atqueperferendisqui.png?size=50x50&set=set1
17,kdurmang@harvard.edu,ebrislandg,€29.89,del Sol,Pteropus rufus,Naval,https://robohash.org/reiciendisexplicaborepellat.png?size=50x50&set=set1
18,shambrighth@altervista.org,theartfieldh,€10.53,Town & Country,Uraeginthus angolensis,Langnga,https://robohash.org/facilisnontotam.png?size=50x50&set=set1
19,dgomersali@merriam-webster.com,rfillgatei,€36.16,Regal,Pitangus sulphuratus,Rujewa,https://robohash.org/fugitnonexercitationem.png?size=50x50&set=set1
20,cbentjej@about.com,mfancetj,€41.47,911,Columba livia,Granja,https://robohash.org/magnidelectusex.png?size=50x50&set=set1
21,bdargank@home.pl,zstrankk,€31.44,Mustang,unavailable,Masjed Soleymān,https://robohash.org/estetimpedit.png?size=50x50&set=set1
22,dmcgralel@hp.com,cbrumhaml,€41.75,Ram,Anser anser,Mokotów,https://robohash.org/etipsammolestiae.png?size=50x50&set=set1
23,hpatesm@clickbank.net,bloomism,€28.14,100,Spheniscus mendiculus,Chrzanów,https://robohash.org/quodetsit.png?size=50x50&set=set1
24,mpumfreyn@xinhuanet.com,emcneillien,€47.40,Express 3500,Naja haje,Digne-les-Bains,https://robohash.org/sunteacum.png?size=50x50&set=set1
25,jpamphilono@1und1.de,cingoldo,€17.06,Stratus,Haliaetus vocifer,Jbaïl,https://robohash.org/voluptasassumendacumque.png?size=50x50&set=set1
26,npuntp@ifeng.com,gtownendp,€38.12,Durango,Mazama gouazoubira,Kamnica,https://robohash.org/voluptatelaborumut.png?size=50x50&set=set1
27,styasq@vinaora.com,mhaskettq,€27.62,Range Rover Classic,Lama pacos,Carvalhal da Aroeira,https://robohash.org/liberorerumasperiores.png?size=50x50&set=set1
28,vwhyker@youtube.com,ashouter,€43.21,Montero,Equus burchelli,Yamango,https://robohash.org/suscipitquaevel.png?size=50x50&set=set1
29,pmonkhouses@accuweather.com,rarnaudots,€26.41,Riviera,Haliaeetus leucoryphus,Kurortnyy,https://robohash.org/doloremaccusamusdeserunt.png?size=50x50&set=set1
30,rrewant@mlb.com,ptwopennyt,€30.51,Sierra Denali,Paradoxurus hermaphroditus,Salingogan,https://robohash.org/aliquamitaquealias.png?size=50x50&set=set1
